{"cameraMode":{"drawMode":0,"name":"Shaded","section":"Shading Mode"},"sceneLighting":true,"audioPlay":false,"sceneViewState":{"showFog":true,"showMaterialUpdate":false,"showSkybox":true,"showFlares":true,"showImageEffects":true,"showParticleSystems":true},"in2DMode":false,"pivot":{"x":0.18984270095825196,"y":-0.6648919582366943,"z":0.3502131700515747},"rotation":{"x":-0.3370569050312042,"y":0.17012900114059449,"z":-0.062065742909908298,"w":-0.923921525478363},"size":5.118380069732666,"orthographic":false}